[
  {
    "id": "1766666630022",
    "email": "samvelchilingaryan.10000@gmail.com",
    "productName": "Cart Items (7)",
    "items": [
      {
        "name": "Nokia G42 5G",
        "price": 249,
        "qty": 2,
        "img": "https://fdn2.gsmarena.com/vv/bigpic/nokia-g42-5g.jpg"
      },
      {
        "name": "Samsung Galaxy S25 Ultra",
        "price": 1000,
        "qty": 2,
        "img": "https://www.mobilecentre.am/img/prodpic/ed6f720b90d82108d29cNew_Project__1_.png"
      },
      {
        "name": "Samsung Galaxy S25+",
        "price": 900,
        "qty": 2,
        "img": "https://www.mobilecentre.am/img/prodpic/6e069e97176168f2d850New_Project__9_.png"
      },
      {
        "name": "Samsung Galaxy Z Fold 7",
        "price": 1700,
        "qty": 2,
        "img": "https://www.mobilecentre.am/img/prodpic/4b89c1e643a84220b346New_Project_-_2025-07-10T102415.751.png"
      },
      {
        "name": "Sony PlayStation 5 Slim",
        "price": 700,
        "qty": 2,
        "img": "https://www.mobilecentre.am/img/prodpic/e95ab7ec01b41bb95ee1%D0%9D%D0%BE%D0%B2%D1%8B%D0%B9_%D0%BF%D1%80%D0%BE%D0%B5%D0%BA%D1%82__15_.png"
      },
      {
        "name": "Nothing Phone (2)",
        "price": 599,
        "qty": 1,
        "img": "https://fdn2.gsmarena.com/vv/bigpic/nothing-phone2.jpg"
      },
      {
        "name": "iPhone 17 Pro Max",
        "price": 2500,
        "qty": 1,
        "img": "https://www.mobileana.com/wp-content/uploads/2025/06/Apple-iPhone-17-Pro-Max-Cosmic-Orange.webp"
      }
    ],
    "total": "4756830֏",
    "date": "2025-12-25T12:43:50.022Z",
    "status": "Cancelled"
  },
  {
    "id": "1766666631151",
    "email": "samvelchilingaryan.10000@gmail.com",
    "productName": "Cart Items (7)",
    "items": [
      {
        "name": "Nokia G42 5G",
        "price": 249,
        "qty": 2,
        "img": "https://fdn2.gsmarena.com/vv/bigpic/nokia-g42-5g.jpg"
      },
      {
        "name": "Samsung Galaxy S25 Ultra",
        "price": 1000,
        "qty": 2,
        "img": "https://www.mobilecentre.am/img/prodpic/ed6f720b90d82108d29cNew_Project__1_.png"
      },
      {
        "name": "Samsung Galaxy S25+",
        "price": 900,
        "qty": 2,
        "img": "https://www.mobilecentre.am/img/prodpic/6e069e97176168f2d850New_Project__9_.png"
      },
      {
        "name": "Samsung Galaxy Z Fold 7",
        "price": 1700,
        "qty": 2,
        "img": "https://www.mobilecentre.am/img/prodpic/4b89c1e643a84220b346New_Project_-_2025-07-10T102415.751.png"
      },
      {
        "name": "Sony PlayStation 5 Slim",
        "price": 700,
        "qty": 2,
        "img": "https://www.mobilecentre.am/img/prodpic/e95ab7ec01b41bb95ee1%D0%9D%D0%BE%D0%B2%D1%8B%D0%B9_%D0%BF%D1%80%D0%BE%D0%B5%D0%BA%D1%82__15_.png"
      },
      {
        "name": "Nothing Phone (2)",
        "price": 599,
        "qty": 1,
        "img": "https://fdn2.gsmarena.com/vv/bigpic/nothing-phone2.jpg"
      },
      {
        "name": "iPhone 17 Pro Max",
        "price": 2500,
        "qty": 1,
        "img": "https://www.mobileana.com/wp-content/uploads/2025/06/Apple-iPhone-17-Pro-Max-Cosmic-Orange.webp"
      }
    ],
    "total": "4756830֏",
    "date": "2025-12-25T12:43:51.151Z",
    "status": "Cancelled"
  },
  {
    "id": "1766666631542",
    "email": "samvelchilingaryan.10000@gmail.com",
    "productName": "Cart Items (7)",
    "items": [
      {
        "name": "Nokia G42 5G",
        "price": 249,
        "qty": 2,
        "img": "https://fdn2.gsmarena.com/vv/bigpic/nokia-g42-5g.jpg"
      },
      {
        "name": "Samsung Galaxy S25 Ultra",
        "price": 1000,
        "qty": 2,
        "img": "https://www.mobilecentre.am/img/prodpic/ed6f720b90d82108d29cNew_Project__1_.png"
      },
      {
        "name": "Samsung Galaxy S25+",
        "price": 900,
        "qty": 2,
        "img": "https://www.mobilecentre.am/img/prodpic/6e069e97176168f2d850New_Project__9_.png"
      },
      {
        "name": "Samsung Galaxy Z Fold 7",
        "price": 1700,
        "qty": 2,
        "img": "https://www.mobilecentre.am/img/prodpic/4b89c1e643a84220b346New_Project_-_2025-07-10T102415.751.png"
      },
      {
        "name": "Sony PlayStation 5 Slim",
        "price": 700,
        "qty": 2,
        "img": "https://www.mobilecentre.am/img/prodpic/e95ab7ec01b41bb95ee1%D0%9D%D0%BE%D0%B2%D1%8B%D0%B9_%D0%BF%D1%80%D0%BE%D0%B5%D0%BA%D1%82__15_.png"
      },
      {
        "name": "Nothing Phone (2)",
        "price": 599,
        "qty": 1,
        "img": "https://fdn2.gsmarena.com/vv/bigpic/nothing-phone2.jpg"
      },
      {
        "name": "iPhone 17 Pro Max",
        "price": 2500,
        "qty": 1,
        "img": "https://www.mobileana.com/wp-content/uploads/2025/06/Apple-iPhone-17-Pro-Max-Cosmic-Orange.webp"
      }
    ],
    "total": "4756830֏",
    "date": "2025-12-25T12:43:51.542Z",
    "status": "Cancelled"
  },
  {
    "id": "1766667416586",
    "email": "samvelchilingaryan.10000@gmail.com",
    "productName": "Cart Items (7)",
    "items": [
      {
        "name": "Nokia G42 5G",
        "price": 249,
        "qty": 2,
        "img": "https://fdn2.gsmarena.com/vv/bigpic/nokia-g42-5g.jpg"
      },
      {
        "name": "Samsung Galaxy S25 Ultra",
        "price": 1000,
        "qty": 2,
        "img": "https://www.mobilecentre.am/img/prodpic/ed6f720b90d82108d29cNew_Project__1_.png"
      },
      {
        "name": "Samsung Galaxy S25+",
        "price": 900,
        "qty": 2,
        "img": "https://www.mobilecentre.am/img/prodpic/6e069e97176168f2d850New_Project__9_.png"
      },
      {
        "name": "Samsung Galaxy Z Fold 7",
        "price": 1700,
        "qty": 2,
        "img": "https://www.mobilecentre.am/img/prodpic/4b89c1e643a84220b346New_Project_-_2025-07-10T102415.751.png"
      },
      {
        "name": "Sony PlayStation 5 Slim",
        "price": 700,
        "qty": 2,
        "img": "https://www.mobilecentre.am/img/prodpic/e95ab7ec01b41bb95ee1%D0%9D%D0%BE%D0%B2%D1%8B%D0%B9_%D0%BF%D1%80%D0%BE%D0%B5%D0%BA%D1%82__15_.png"
      },
      {
        "name": "Nothing Phone (2)",
        "price": 599,
        "qty": 1,
        "img": "https://fdn2.gsmarena.com/vv/bigpic/nothing-phone2.jpg"
      },
      {
        "name": "iPhone 17 Pro Max",
        "price": 2500,
        "qty": 1,
        "img": "https://www.mobileana.com/wp-content/uploads/2025/06/Apple-iPhone-17-Pro-Max-Cosmic-Orange.webp"
      }
    ],
    "total": "4756830֏",
    "date": "2025-12-25T12:56:56.586Z",
    "status": "Active"
  },
  {
    "id": "1766667417433",
    "email": "samvelchilingaryan.10000@gmail.com",
    "productName": "Cart Items (7)",
    "items": [
      {
        "name": "Nokia G42 5G",
        "price": 249,
        "qty": 2,
        "img": "https://fdn2.gsmarena.com/vv/bigpic/nokia-g42-5g.jpg"
      },
      {
        "name": "Samsung Galaxy S25 Ultra",
        "price": 1000,
        "qty": 2,
        "img": "https://www.mobilecentre.am/img/prodpic/ed6f720b90d82108d29cNew_Project__1_.png"
      },
      {
        "name": "Samsung Galaxy S25+",
        "price": 900,
        "qty": 2,
        "img": "https://www.mobilecentre.am/img/prodpic/6e069e97176168f2d850New_Project__9_.png"
      },
      {
        "name": "Samsung Galaxy Z Fold 7",
        "price": 1700,
        "qty": 2,
        "img": "https://www.mobilecentre.am/img/prodpic/4b89c1e643a84220b346New_Project_-_2025-07-10T102415.751.png"
      },
      {
        "name": "Sony PlayStation 5 Slim",
        "price": 700,
        "qty": 2,
        "img": "https://www.mobilecentre.am/img/prodpic/e95ab7ec01b41bb95ee1%D0%9D%D0%BE%D0%B2%D1%8B%D0%B9_%D0%BF%D1%80%D0%BE%D0%B5%D0%BA%D1%82__15_.png"
      },
      {
        "name": "Nothing Phone (2)",
        "price": 599,
        "qty": 1,
        "img": "https://fdn2.gsmarena.com/vv/bigpic/nothing-phone2.jpg"
      },
      {
        "name": "iPhone 17 Pro Max",
        "price": 2500,
        "qty": 1,
        "img": "https://www.mobileana.com/wp-content/uploads/2025/06/Apple-iPhone-17-Pro-Max-Cosmic-Orange.webp"
      }
    ],
    "total": "4756830֏",
    "date": "2025-12-25T12:56:57.433Z",
    "status": "Active"
  },
  {
    "id": "1766667417915",
    "email": "samvelchilingaryan.10000@gmail.com",
    "productName": "Cart Items (7)",
    "items": [
      {
        "name": "Nokia G42 5G",
        "price": 249,
        "qty": 2,
        "img": "https://fdn2.gsmarena.com/vv/bigpic/nokia-g42-5g.jpg"
      },
      {
        "name": "Samsung Galaxy S25 Ultra",
        "price": 1000,
        "qty": 2,
        "img": "https://www.mobilecentre.am/img/prodpic/ed6f720b90d82108d29cNew_Project__1_.png"
      },
      {
        "name": "Samsung Galaxy S25+",
        "price": 900,
        "qty": 2,
        "img": "https://www.mobilecentre.am/img/prodpic/6e069e97176168f2d850New_Project__9_.png"
      },
      {
        "name": "Samsung Galaxy Z Fold 7",
        "price": 1700,
        "qty": 2,
        "img": "https://www.mobilecentre.am/img/prodpic/4b89c1e643a84220b346New_Project_-_2025-07-10T102415.751.png"
      },
      {
        "name": "Sony PlayStation 5 Slim",
        "price": 700,
        "qty": 2,
        "img": "https://www.mobilecentre.am/img/prodpic/e95ab7ec01b41bb95ee1%D0%9D%D0%BE%D0%B2%D1%8B%D0%B9_%D0%BF%D1%80%D0%BE%D0%B5%D0%BA%D1%82__15_.png"
      },
      {
        "name": "Nothing Phone (2)",
        "price": 599,
        "qty": 1,
        "img": "https://fdn2.gsmarena.com/vv/bigpic/nothing-phone2.jpg"
      },
      {
        "name": "iPhone 17 Pro Max",
        "price": 2500,
        "qty": 1,
        "img": "https://www.mobileana.com/wp-content/uploads/2025/06/Apple-iPhone-17-Pro-Max-Cosmic-Orange.webp"
      }
    ],
    "total": "4756830֏",
    "date": "2025-12-25T12:56:57.915Z",
    "status": "Active"
  },
  {
    "id": "1766667418082",
    "email": "samvelchilingaryan.10000@gmail.com",
    "productName": "Cart Items (7)",
    "items": [
      {
        "name": "Nokia G42 5G",
        "price": 249,
        "qty": 2,
        "img": "https://fdn2.gsmarena.com/vv/bigpic/nokia-g42-5g.jpg"
      },
      {
        "name": "Samsung Galaxy S25 Ultra",
        "price": 1000,
        "qty": 2,
        "img": "https://www.mobilecentre.am/img/prodpic/ed6f720b90d82108d29cNew_Project__1_.png"
      },
      {
        "name": "Samsung Galaxy S25+",
        "price": 900,
        "qty": 2,
        "img": "https://www.mobilecentre.am/img/prodpic/6e069e97176168f2d850New_Project__9_.png"
      },
      {
        "name": "Samsung Galaxy Z Fold 7",
        "price": 1700,
        "qty": 2,
        "img": "https://www.mobilecentre.am/img/prodpic/4b89c1e643a84220b346New_Project_-_2025-07-10T102415.751.png"
      },
      {
        "name": "Sony PlayStation 5 Slim",
        "price": 700,
        "qty": 2,
        "img": "https://www.mobilecentre.am/img/prodpic/e95ab7ec01b41bb95ee1%D0%9D%D0%BE%D0%B2%D1%8B%D0%B9_%D0%BF%D1%80%D0%BE%D0%B5%D0%BA%D1%82__15_.png"
      },
      {
        "name": "Nothing Phone (2)",
        "price": 599,
        "qty": 1,
        "img": "https://fdn2.gsmarena.com/vv/bigpic/nothing-phone2.jpg"
      },
      {
        "name": "iPhone 17 Pro Max",
        "price": 2500,
        "qty": 1,
        "img": "https://www.mobileana.com/wp-content/uploads/2025/06/Apple-iPhone-17-Pro-Max-Cosmic-Orange.webp"
      }
    ],
    "total": "4756830֏",
    "date": "2025-12-25T12:56:58.082Z",
    "status": "Active"
  },
  {
    "id": "1766667418229",
    "email": "samvelchilingaryan.10000@gmail.com",
    "productName": "Cart Items (7)",
    "items": [
      {
        "name": "Nokia G42 5G",
        "price": 249,
        "qty": 2,
        "img": "https://fdn2.gsmarena.com/vv/bigpic/nokia-g42-5g.jpg"
      },
      {
        "name": "Samsung Galaxy S25 Ultra",
        "price": 1000,
        "qty": 2,
        "img": "https://www.mobilecentre.am/img/prodpic/ed6f720b90d82108d29cNew_Project__1_.png"
      },
      {
        "name": "Samsung Galaxy S25+",
        "price": 900,
        "qty": 2,
        "img": "https://www.mobilecentre.am/img/prodpic/6e069e97176168f2d850New_Project__9_.png"
      },
      {
        "name": "Samsung Galaxy Z Fold 7",
        "price": 1700,
        "qty": 2,
        "img": "https://www.mobilecentre.am/img/prodpic/4b89c1e643a84220b346New_Project_-_2025-07-10T102415.751.png"
      },
      {
        "name": "Sony PlayStation 5 Slim",
        "price": 700,
        "qty": 2,
        "img": "https://www.mobilecentre.am/img/prodpic/e95ab7ec01b41bb95ee1%D0%9D%D0%BE%D0%B2%D1%8B%D0%B9_%D0%BF%D1%80%D0%BE%D0%B5%D0%BA%D1%82__15_.png"
      },
      {
        "name": "Nothing Phone (2)",
        "price": 599,
        "qty": 1,
        "img": "https://fdn2.gsmarena.com/vv/bigpic/nothing-phone2.jpg"
      },
      {
        "name": "iPhone 17 Pro Max",
        "price": 2500,
        "qty": 1,
        "img": "https://www.mobileana.com/wp-content/uploads/2025/06/Apple-iPhone-17-Pro-Max-Cosmic-Orange.webp"
      }
    ],
    "total": "4756830֏",
    "date": "2025-12-25T12:56:58.229Z",
    "status": "Active"
  },
  {
    "id": "1766667418396",
    "email": "samvelchilingaryan.10000@gmail.com",
    "productName": "Cart Items (7)",
    "items": [
      {
        "name": "Nokia G42 5G",
        "price": 249,
        "qty": 2,
        "img": "https://fdn2.gsmarena.com/vv/bigpic/nokia-g42-5g.jpg"
      },
      {
        "name": "Samsung Galaxy S25 Ultra",
        "price": 1000,
        "qty": 2,
        "img": "https://www.mobilecentre.am/img/prodpic/ed6f720b90d82108d29cNew_Project__1_.png"
      },
      {
        "name": "Samsung Galaxy S25+",
        "price": 900,
        "qty": 2,
        "img": "https://www.mobilecentre.am/img/prodpic/6e069e97176168f2d850New_Project__9_.png"
      },
      {
        "name": "Samsung Galaxy Z Fold 7",
        "price": 1700,
        "qty": 2,
        "img": "https://www.mobilecentre.am/img/prodpic/4b89c1e643a84220b346New_Project_-_2025-07-10T102415.751.png"
      },
      {
        "name": "Sony PlayStation 5 Slim",
        "price": 700,
        "qty": 2,
        "img": "https://www.mobilecentre.am/img/prodpic/e95ab7ec01b41bb95ee1%D0%9D%D0%BE%D0%B2%D1%8B%D0%B9_%D0%BF%D1%80%D0%BE%D0%B5%D0%BA%D1%82__15_.png"
      },
      {
        "name": "Nothing Phone (2)",
        "price": 599,
        "qty": 1,
        "img": "https://fdn2.gsmarena.com/vv/bigpic/nothing-phone2.jpg"
      },
      {
        "name": "iPhone 17 Pro Max",
        "price": 2500,
        "qty": 1,
        "img": "https://www.mobileana.com/wp-content/uploads/2025/06/Apple-iPhone-17-Pro-Max-Cosmic-Orange.webp"
      }
    ],
    "total": "4756830֏",
    "date": "2025-12-25T12:56:58.396Z",
    "status": "Active"
  }
]